<?xml version="1.0" encoding="UTF-8"?>
<beans xmlns="http://www.springframework.org/schema/beans"
	xmlns:context="http://www.springframework.org/schema/context"
	xmlns:mvc="http://www.springframework.org/schema/mvc" xmlns:xsi="http://www.w3.org/2001/XMLSchema-instance"
	xmlns:tx="http://www.springframework.org/schema/tx"
	xsi:schemaLocation="
        http://www.springframework.org/schema/beans     
        http://www.springframework.org/schema/beans/spring-beans-3.0.xsd
        http://www.springframework.org/schema/context 
        http://www.springframework.org/schema/context/spring-context-3.0.xsd
        http://www.springframework.org/schema/mvc
        http://www.springframework.org/schema/mvc/spring-mvc-3.0.xsd
        http://www.springframework.org/schema/tx 
        http://www.springframework.org/schema/tx/spring-tx-3.1.xsd">

	<mvc:annotation-driven />
	<!-- <context:property-placeholder location="classpath:resources/database.properties" 
		/> -->
	<mvc:annotation-driven />
	<mvc:resources location="/css/" mapping="/css/**" />
	<mvc:resources location="/images/" mapping="/images/**" />
	<mvc:resources location="/js/" mapping="/js/**" />
	<context:component-scan base-package="com.shoppingcart" />

	<bean class="org.springframework.jdbc.datasource.DriverManagerDataSource"
		id="datasource">
		<property name="driverClassName" value="com.mysql.jdbc.Driver"></property>
		<property name="url" value="jdbc:mysql://localhost:3306/shoppingcart"></property>
		<property name="username" value="root"></property>
		<property name="password" value="root"></property>
	</bean>

	<bean id="sessionFactory"
		class="org.springframework.orm.hibernate4.LocalSessionFactoryBean">
		<property name="dataSource" ref="datasource"></property>
		<property name="hibernateProperties">
			<props>
				<prop key="hibernate.dialect">org.hibernate.dialect.MySQL5InnoDBDialect</prop>
				<prop key="hibernate.show_sql">true</prop>
			</props>
		</property>
 		<property name="packagesToScan" value="com.shoppingcart.model"/> 
	</bean>

	<bean class="org.springframework.orm.hibernate4.HibernateTransactionManager"
		id="transactionManager">
		<property name="sessionFactory" ref="sessionFactory"></property>
	</bean>
	<tx:annotation-driven />

</beans>