<?xml version="1.0" encoding="UTF-8"?>
<faces-config
   xmlns="http://java.sun.com/xml/ns/javaee"
   xmlns:xsi="http://www.w3.org/2001/XMLSchema-instance"
   xsi:schemaLocation="http://java.sun.com/xml/ns/javaee
   http://java.sun.com/xml/ns/javaee/web-facesconfig_2_0.xsd"
   version="2.0">
   
   <navigation-rule>
   		<from-view-id>home.xhtml</from-view-id>
   		<navigation-case>
   			<from-action>#{navigationController.processPage1}</from-action>
   			<from-outcome>page</from-outcome>
   			<to-view-id>page1.jsf</to-view-id>
   		</navigation-case>
   		<navigation-case>
   			<from-action>#{navigationController.processPage2}</from-action>
   			<from-outcome>page</from-outcome>
   			<to-view-id>page2.jsf</to-view-id>
   		</navigation-case>
   </navigation-rule>
   
   
   </faces-config>